"p","structure","solver","start","tol_found","run_id","time","f_end","gap","success"
10,"hub","pcglasso_cpp","C",1e-05,1,0.628999999999998,2.47833623911544,1.87098685144882e-05,TRUE
10,"hub","pcglasso_cpp","C",1e-05,2,0.604999999999997,2.47833623911544,1.87098685144882e-05,TRUE
10,"hub","pcglasso_cpp","C",1e-05,3,0.627000000000002,2.47833623911544,1.87098685144882e-05,TRUE
10,"hub","pcglasso_cpp","C",1e-05,4,0.537000000000006,2.47833623911544,1.87098685144882e-05,TRUE
10,"hub","pcglasso_cpp","C",1e-05,5,2.325,2.47833623911544,1.87098685144882e-05,TRUE
10,"hub","pcglasso_cpp","C",1e-05,6,1.109,2.47833623911544,1.87098685144882e-05,TRUE
10,"hub","pcglasso_cpp","C",1e-05,7,1.073,2.47833623911544,1.87098685144882e-05,TRUE
10,"hub","pcglasso_cpp","C",1e-05,8,2.47000000000001,2.47833623911544,1.87098685144882e-05,TRUE
10,"hub","pcglasso_cpp","C",1e-05,9,0.716000000000001,2.47833623911544,1.87098685144882e-05,TRUE
10,"hub","pcglasso_cpp","C",1e-05,10,0.936999999999998,2.47833623911544,1.87098685144882e-05,TRUE
10,"line","pcglasso_cpp","C",1e-05,1,0.384999999999998,5.99147080130616,2.18933088511619e-05,TRUE
10,"line","pcglasso_cpp","C",1e-05,2,0.269000000000005,5.99147080130616,2.18933088511619e-05,TRUE
10,"line","pcglasso_cpp","C",1e-05,3,0.244,5.99147080130616,2.18933088511619e-05,TRUE
10,"line","pcglasso_cpp","C",1e-05,4,0.361000000000004,5.99147080130616,2.18933088511619e-05,TRUE
10,"line","pcglasso_cpp","C",1e-05,5,0.243000000000002,5.99147080130616,2.18933088511619e-05,TRUE
10,"line","pcglasso_cpp","C",1e-05,6,0.230999999999995,5.99147080130616,2.18933088511619e-05,TRUE
10,"line","pcglasso_cpp","C",1e-05,7,0.229999999999997,5.99147080130616,2.18933088511619e-05,TRUE
10,"line","pcglasso_cpp","C",1e-05,8,0.241999999999997,5.99147080130616,2.18933088511619e-05,TRUE
10,"line","pcglasso_cpp","C",1e-05,9,0.222000000000001,5.99147080130616,2.18933088511619e-05,TRUE
10,"line","pcglasso_cpp","C",1e-05,10,0.250999999999998,5.99147080130616,2.18933088511619e-05,TRUE
50,"hub","pcglasso_cpp","C",1e-05,1,1.98999999999999,15.8990479487723,3.53620756907702e-05,TRUE
50,"hub","pcglasso_cpp","C",1e-05,2,1.661,15.8990479487723,3.53620756907702e-05,TRUE
50,"hub","pcglasso_cpp","C",1e-05,3,4.413,15.8990479487723,3.53620756907702e-05,TRUE
50,"hub","pcglasso_cpp","C",1e-05,4,1.269,15.8990479487723,3.53620756907702e-05,TRUE
50,"hub","pcglasso_cpp","C",1e-05,5,0.677999999999997,15.8990479487723,3.53620756907702e-05,TRUE
50,"hub","pcglasso_cpp","C",1e-05,6,0.683,15.8990479487723,3.53620756907702e-05,TRUE
50,"hub","pcglasso_cpp","C",1e-05,7,4.311,15.8990479487723,3.53620756907702e-05,TRUE
50,"hub","pcglasso_cpp","C",1e-05,8,4.197,15.8990479487723,3.53620756907702e-05,TRUE
50,"hub","pcglasso_cpp","C",1e-05,9,1.10599999999999,15.8990479487723,3.53620756907702e-05,TRUE
50,"hub","pcglasso_cpp","C",1e-05,10,6.729,15.8990479487723,3.53620756907702e-05,TRUE
50,"line","pcglasso_cpp","C",1e-05,1,0.779999999999994,24.6396238558963,2.43015304377536e-05,TRUE
50,"line","pcglasso_cpp","C",1e-05,2,0.68,24.6396238558963,2.43015304377536e-05,TRUE
50,"line","pcglasso_cpp","C",1e-05,3,1.041,24.6396238558963,2.43015304377536e-05,TRUE
50,"line","pcglasso_cpp","C",1e-05,4,0.759999999999998,24.6396238558963,2.43015304377536e-05,TRUE
50,"line","pcglasso_cpp","C",1e-05,5,0.488,24.6396238558963,2.43015304377536e-05,TRUE
50,"line","pcglasso_cpp","C",1e-05,6,0.418000000000006,24.6396238558963,2.43015304377536e-05,TRUE
50,"line","pcglasso_cpp","C",1e-05,7,0.352000000000004,24.6396238558963,2.43015304377536e-05,TRUE
50,"line","pcglasso_cpp","C",1e-05,8,0.268000000000001,24.6396238558963,2.43015304377536e-05,TRUE
50,"line","pcglasso_cpp","C",1e-05,9,0.257000000000005,24.6396238558963,2.43015304377536e-05,TRUE
50,"line","pcglasso_cpp","C",1e-05,10,0.936999999999998,24.6396238558963,2.43015304377536e-05,TRUE
100,"hub","pcglasso_cpp","C",1e-05,1,7.274,31.0791611796439,7.01000305909361e-05,TRUE
100,"hub","pcglasso_cpp","C",1e-05,2,18.277,31.0791611796439,7.01000305909361e-05,TRUE
100,"hub","pcglasso_cpp","C",1e-05,3,7.439,31.0791611796439,7.01000305909361e-05,TRUE
100,"hub","pcglasso_cpp","C",1e-05,4,10.378,31.0791611796439,7.01000305909361e-05,TRUE
100,"hub","pcglasso_cpp","C",1e-05,5,8.878,31.0791611796439,7.01000305909361e-05,TRUE
100,"hub","pcglasso_cpp","C",1e-05,6,6.936,31.0791611796439,7.01000305909361e-05,TRUE
100,"hub","pcglasso_cpp","C",1e-05,7,20.727,31.0791611796439,7.01000305909361e-05,TRUE
100,"hub","pcglasso_cpp","C",1e-05,8,15.887,31.0791611796439,7.01000305909361e-05,TRUE
100,"hub","pcglasso_cpp","C",1e-05,9,7.58,31.0791611796439,7.01000305909361e-05,TRUE
100,"hub","pcglasso_cpp","C",1e-05,10,13.697,31.0791611796439,7.01000305909361e-05,TRUE
100,"line","pcglasso_cpp","C",1e-05,1,3.325,53.3323661046619,1.05733516733153e-05,TRUE
100,"line","pcglasso_cpp","C",1e-05,2,4.171,53.3323661046619,1.05733516733153e-05,TRUE
100,"line","pcglasso_cpp","C",1e-05,3,0.634999999999998,53.3323661046619,1.05733516733153e-05,TRUE
100,"line","pcglasso_cpp","C",1e-05,4,6.97,53.3323661046619,1.05733516733153e-05,TRUE
100,"line","pcglasso_cpp","C",1e-05,5,1.625,53.3323661046619,1.05733516733153e-05,TRUE
100,"line","pcglasso_cpp","C",1e-05,6,2.64400000000001,53.3323661046619,1.05733516733153e-05,TRUE
100,"line","pcglasso_cpp","C",1e-05,7,1.332,53.3323661046619,1.05733516733153e-05,TRUE
100,"line","pcglasso_cpp","C",1e-05,8,7.729,53.3323661046619,1.05733516733153e-05,TRUE
100,"line","pcglasso_cpp","C",1e-05,9,2.043,53.3323661046619,1.05733516733153e-05,TRUE
100,"line","pcglasso_cpp","C",1e-05,10,3.30399999999999,53.3323661046619,1.05733516733153e-05,TRUE
150,"hub","pcglasso_cpp","C",1e-05,1,24.045,46.0643025290541,5.23549940538715e-05,TRUE
150,"hub","pcglasso_cpp","C",1e-05,2,24.722,46.0643025290541,5.23549940538715e-05,TRUE
150,"hub","pcglasso_cpp","C",1e-05,3,21.56,46.0643025290541,5.23549940538715e-05,TRUE
150,"hub","pcglasso_cpp","C",1e-05,4,12.413,46.0643025290541,5.23549940538715e-05,TRUE
150,"hub","pcglasso_cpp","C",1e-05,5,12.056,46.0643025290541,5.23549940538715e-05,TRUE
150,"hub","pcglasso_cpp","C",1e-05,6,48.859,46.0643025290541,5.23549940538715e-05,TRUE
150,"hub","pcglasso_cpp","C",1e-05,7,22.63,46.0643025290541,5.23549940538715e-05,TRUE
150,"hub","pcglasso_cpp","C",1e-05,8,29.159,46.0643025290541,5.23549940538715e-05,TRUE
150,"hub","pcglasso_cpp","C",1e-05,9,46.688,46.0643025290541,5.23549940538715e-05,TRUE
150,"hub","pcglasso_cpp","C",1e-05,10,16.09,46.0643025290541,5.23549940538715e-05,TRUE
150,"line","pcglasso_cpp","C",1e-04,1,4.92,83.9376900965331,4.97854777705697e-05,TRUE
150,"line","pcglasso_cpp","C",1e-04,2,1.441,83.9376900965331,4.97854777705697e-05,TRUE
150,"line","pcglasso_cpp","C",1e-04,3,5.856,83.9376900965331,4.97854777705697e-05,TRUE
150,"line","pcglasso_cpp","C",1e-04,4,2.724,83.9376900965331,4.97854777705697e-05,TRUE
150,"line","pcglasso_cpp","C",1e-04,5,0.664000000000001,83.9376900965331,4.97854777705697e-05,TRUE
150,"line","pcglasso_cpp","C",1e-04,6,4.443,83.9376900965331,4.97854777705697e-05,TRUE
150,"line","pcglasso_cpp","C",1e-04,7,6.203,83.9376900965331,4.97854777705697e-05,TRUE
150,"line","pcglasso_cpp","C",1e-04,8,1.192,83.9376900965331,4.97854777705697e-05,TRUE
150,"line","pcglasso_cpp","C",1e-04,9,2.328,83.9376900965331,4.97854777705697e-05,TRUE
150,"line","pcglasso_cpp","C",1e-04,10,2.599,83.9376900965331,4.97854777705697e-05,TRUE
10,"hub","pcglasso_fortran","C",1e-05,1,1.276,2.47834709589946,2.95666525262916e-05,TRUE
10,"hub","pcglasso_fortran","C",1e-05,2,0.903000000000006,2.47834709589946,2.95666525262916e-05,TRUE
10,"hub","pcglasso_fortran","C",1e-05,3,1.82,2.47834709589946,2.95666525262916e-05,TRUE
10,"hub","pcglasso_fortran","C",1e-05,4,2.607,2.47834709589946,2.95666525262916e-05,TRUE
10,"hub","pcglasso_fortran","C",1e-05,5,0.963000000000001,2.47834709589946,2.95666525262916e-05,TRUE
10,"hub","pcglasso_fortran","C",1e-05,6,0.963999999999999,2.47834709589946,2.95666525262916e-05,TRUE
10,"hub","pcglasso_fortran","C",1e-05,7,1.711,2.47834709589946,2.95666525262916e-05,TRUE
10,"hub","pcglasso_fortran","C",1e-05,8,0.353999999999999,2.47834709589946,2.95666525262916e-05,TRUE
10,"hub","pcglasso_fortran","C",1e-05,9,2.151,2.47834709589946,2.95666525262916e-05,TRUE
10,"hub","pcglasso_fortran","C",1e-05,10,0.871000000000002,2.47834709589946,2.95666525262916e-05,TRUE
10,"line","pcglasso_fortran","C",1e-05,1,0.164000000000001,5.99145910862725,1.02006299362856e-05,TRUE
10,"line","pcglasso_fortran","C",1e-05,2,0.161000000000001,5.99145910862725,1.02006299362856e-05,TRUE
10,"line","pcglasso_fortran","C",1e-05,3,0.153999999999996,5.99145910862725,1.02006299362856e-05,TRUE
10,"line","pcglasso_fortran","C",1e-05,4,0.154000000000003,5.99145910862725,1.02006299362856e-05,TRUE
10,"line","pcglasso_fortran","C",1e-05,5,0.155000000000001,5.99145910862725,1.02006299362856e-05,TRUE
10,"line","pcglasso_fortran","C",1e-05,6,0.228000000000002,5.99145910862725,1.02006299362856e-05,TRUE
10,"line","pcglasso_fortran","C",1e-05,7,0.152000000000001,5.99145910862725,1.02006299362856e-05,TRUE
10,"line","pcglasso_fortran","C",1e-05,8,0.157000000000004,5.99145910862725,1.02006299362856e-05,TRUE
10,"line","pcglasso_fortran","C",1e-05,9,0.144999999999996,5.99145910862725,1.02006299362856e-05,TRUE
10,"line","pcglasso_fortran","C",1e-05,10,0.136999999999993,5.99145910862725,1.02006299362856e-05,TRUE
50,"hub","pcglasso_fortran","C",1e-05,1,4.788,15.8990711534381,5.85667415435864e-05,TRUE
50,"hub","pcglasso_fortran","C",1e-05,2,7.88,15.8990711534381,5.85667415435864e-05,TRUE
50,"hub","pcglasso_fortran","C",1e-05,3,4.15799999999999,15.8990711534381,5.85667415435864e-05,TRUE
50,"hub","pcglasso_fortran","C",1e-05,4,3.385,15.8990711534381,5.85667415435864e-05,TRUE
50,"hub","pcglasso_fortran","C",1e-05,5,6.687,15.8990711534381,5.85667415435864e-05,TRUE
50,"hub","pcglasso_fortran","C",1e-05,6,3.639,15.8990711534381,5.85667415435864e-05,TRUE
50,"hub","pcglasso_fortran","C",1e-05,7,12.755,15.8990711534381,5.85667415435864e-05,TRUE
50,"hub","pcglasso_fortran","C",1e-05,8,8.537,15.8990711534381,5.85667415435864e-05,TRUE
50,"hub","pcglasso_fortran","C",1e-05,9,1.872,15.8990711534381,5.85667415435864e-05,TRUE
50,"hub","pcglasso_fortran","C",1e-05,10,7.45500000000001,15.8990711534381,5.85667415435864e-05,TRUE
50,"line","pcglasso_fortran","C",1e-05,1,0.373999999999995,24.6396184405543,1.88861883643199e-05,TRUE
50,"line","pcglasso_fortran","C",1e-05,2,0.192999999999998,24.6396184405543,1.88861883643199e-05,TRUE
50,"line","pcglasso_fortran","C",1e-05,3,0.351999999999997,24.6396184405543,1.88861883643199e-05,TRUE
50,"line","pcglasso_fortran","C",1e-05,4,0.340000000000003,24.6396184405543,1.88861883643199e-05,TRUE
50,"line","pcglasso_fortran","C",1e-05,5,0.828000000000003,24.6396184405543,1.88861883643199e-05,TRUE
50,"line","pcglasso_fortran","C",1e-05,6,0.256,24.6396184405543,1.88861883643199e-05,TRUE
50,"line","pcglasso_fortran","C",1e-05,7,0.263000000000005,24.6396184405543,1.88861883643199e-05,TRUE
50,"line","pcglasso_fortran","C",1e-05,8,0.226999999999997,24.6396184405543,1.88861883643199e-05,TRUE
50,"line","pcglasso_fortran","C",1e-05,9,0.337000000000003,24.6396184405543,1.88861883643199e-05,TRUE
50,"line","pcglasso_fortran","C",1e-05,10,0.222000000000001,24.6396184405543,1.88861883643199e-05,TRUE
100,"hub","pcglasso_fortran","C",1e-06,1,44.195,31.0790987839755,7.70436223973547e-06,TRUE
100,"hub","pcglasso_fortran","C",1e-06,2,32.38,31.0790987839755,7.70436223973547e-06,TRUE
100,"hub","pcglasso_fortran","C",1e-06,3,41.045,31.0790987839755,7.70436223973547e-06,TRUE
100,"hub","pcglasso_fortran","C",1e-06,4,29.983,31.0790987839755,7.70436223973547e-06,TRUE
100,"hub","pcglasso_fortran","C",1e-06,5,34.499,31.0790987839755,7.70436223973547e-06,TRUE
100,"hub","pcglasso_fortran","C",1e-06,6,24.013,31.0790987839755,7.70436223973547e-06,TRUE
100,"hub","pcglasso_fortran","C",1e-06,7,32.759,31.0790987839755,7.70436223973547e-06,TRUE
100,"hub","pcglasso_fortran","C",1e-06,8,26.617,31.0790987839755,7.70436223973547e-06,TRUE
100,"hub","pcglasso_fortran","C",1e-06,9,33.358,31.0790987839755,7.70436223973547e-06,TRUE
100,"hub","pcglasso_fortran","C",1e-06,10,34.501,31.0790987839755,7.70436223973547e-06,TRUE
100,"line","pcglasso_fortran","C",1e-05,1,0.413000000000004,53.3323603820484,4.85073819334048e-06,TRUE
100,"line","pcglasso_fortran","C",1e-05,2,1.615,53.3323603820484,4.85073819334048e-06,TRUE
100,"line","pcglasso_fortran","C",1e-05,3,2.277,53.3323603820484,4.85073819334048e-06,TRUE
100,"line","pcglasso_fortran","C",1e-05,4,0.805,53.3323603820484,4.85073819334048e-06,TRUE
100,"line","pcglasso_fortran","C",1e-05,5,1.169,53.3323603820484,4.85073819334048e-06,TRUE
100,"line","pcglasso_fortran","C",1e-05,6,1.352,53.3323603820484,4.85073819334048e-06,TRUE
100,"line","pcglasso_fortran","C",1e-05,7,1.132,53.3323603820484,4.85073819334048e-06,TRUE
100,"line","pcglasso_fortran","C",1e-05,8,3.055,53.3323603820484,4.85073819334048e-06,TRUE
100,"line","pcglasso_fortran","C",1e-05,9,0.678000000000004,53.3323603820484,4.85073819334048e-06,TRUE
100,"line","pcglasso_fortran","C",1e-05,10,0.441000000000003,53.3323603820484,4.85073819334048e-06,TRUE
150,"hub","pcglasso_fortran","C",1e-05,1,56.67,46.06433203372,8.18596599856392e-05,TRUE
150,"hub","pcglasso_fortran","C",1e-05,2,47.796,46.06433203372,8.18596599856392e-05,TRUE
150,"hub","pcglasso_fortran","C",1e-05,3,59.973,46.06433203372,8.18596599856392e-05,TRUE
150,"hub","pcglasso_fortran","C",1e-05,4,44.636,46.06433203372,8.18596599856392e-05,TRUE
150,"hub","pcglasso_fortran","C",1e-05,5,41.416,46.06433203372,8.18596599856392e-05,TRUE
150,"hub","pcglasso_fortran","C",1e-05,6,54.261,46.06433203372,8.18596599856392e-05,TRUE
150,"hub","pcglasso_fortran","C",1e-05,7,61.304,46.06433203372,8.18596599856392e-05,TRUE
150,"hub","pcglasso_fortran","C",1e-05,8,58.431,46.06433203372,8.18596599856392e-05,TRUE
150,"hub","pcglasso_fortran","C",1e-05,9,45.689,46.06433203372,8.18596599856392e-05,TRUE
150,"hub","pcglasso_fortran","C",1e-05,10,47.285,46.06433203372,8.18596599856392e-05,TRUE
150,"line","pcglasso_fortran","C",1e-04,1,1.117,83.9376906123771,5.03013218065007e-05,TRUE
150,"line","pcglasso_fortran","C",1e-04,2,1.126,83.9376906123771,5.03013218065007e-05,TRUE
150,"line","pcglasso_fortran","C",1e-04,3,2.513,83.9376906123771,5.03013218065007e-05,TRUE
150,"line","pcglasso_fortran","C",1e-04,4,1.992,83.9376906123771,5.03013218065007e-05,TRUE
150,"line","pcglasso_fortran","C",1e-04,5,3.356,83.9376906123771,5.03013218065007e-05,TRUE
150,"line","pcglasso_fortran","C",1e-04,6,1.784,83.9376906123771,5.03013218065007e-05,TRUE
150,"line","pcglasso_fortran","C",1e-04,7,5.693,83.9376906123771,5.03013218065007e-05,TRUE
150,"line","pcglasso_fortran","C",1e-04,8,2.673,83.9376906123771,5.03013218065007e-05,TRUE
150,"line","pcglasso_fortran","C",1e-04,9,2.636,83.9376906123771,5.03013218065007e-05,TRUE
150,"line","pcglasso_fortran","C",1e-04,10,4.34399999999999,83.9376906123771,5.03013218065007e-05,TRUE
10,"hub","pcglasso","C",0.001,1,0.314,2.47838289271745,6.53634705218842e-05,TRUE
10,"hub","pcglasso","C",0.001,2,1.11799999999999,2.47838289271745,6.53634705218842e-05,TRUE
10,"hub","pcglasso","C",0.001,3,0.789000000000001,2.47838289271745,6.53634705218842e-05,TRUE
10,"hub","pcglasso","C",0.001,4,0.889999999999993,2.47838289271745,6.53634705218842e-05,TRUE
10,"hub","pcglasso","C",0.001,5,0.798000000000002,2.47838289271745,6.53634705218842e-05,TRUE
10,"hub","pcglasso","C",0.001,6,0.978999999999999,2.47838289271745,6.53634705218842e-05,TRUE
10,"hub","pcglasso","C",0.001,7,0.146999999999998,2.47838289271745,6.53634705218842e-05,TRUE
10,"hub","pcglasso","C",0.001,8,0.236000000000004,2.47838289271745,6.53634705218842e-05,TRUE
10,"hub","pcglasso","C",0.001,9,0.203000000000003,2.47838289271745,6.53634705218842e-05,TRUE
10,"hub","pcglasso","C",0.001,10,0.125999999999998,2.47838289271745,6.53634705218842e-05,TRUE
10,"line","pcglasso","C",0.001,1,0.0930000000000035,5.99145529668665,6.38868933933168e-06,TRUE
10,"line","pcglasso","C",0.001,2,0.0900000000000034,5.99145529668665,6.38868933933168e-06,TRUE
10,"line","pcglasso","C",0.001,3,0.117999999999995,5.99145529668665,6.38868933933168e-06,TRUE
10,"line","pcglasso","C",0.001,4,0.275999999999996,5.99145529668665,6.38868933933168e-06,TRUE
10,"line","pcglasso","C",0.001,5,0.0250000000000057,5.99145529668665,6.38868933933168e-06,TRUE
10,"line","pcglasso","C",0.001,6,0.0760000000000005,5.99145529668665,6.38868933933168e-06,TRUE
10,"line","pcglasso","C",0.001,7,0.116,5.99145529668665,6.38868933933168e-06,TRUE
10,"line","pcglasso","C",0.001,8,0.0549999999999997,5.99145529668665,6.38868933933168e-06,TRUE
10,"line","pcglasso","C",0.001,9,0.0919999999999987,5.99145529668665,6.38868933933168e-06,TRUE
10,"line","pcglasso","C",0.001,10,0.415999999999997,5.99145529668665,6.38868933933168e-06,TRUE
50,"hub","pcglasso","C",1e-04,1,4.998,15.8990148590221,2.27232550642498e-06,TRUE
50,"hub","pcglasso","C",1e-04,2,2.533,15.8990148590221,2.27232550642498e-06,TRUE
50,"hub","pcglasso","C",1e-04,3,0.625999999999998,15.8990148590221,2.27232550642498e-06,TRUE
50,"hub","pcglasso","C",1e-04,4,2.213,15.8990148590221,2.27232550642498e-06,TRUE
50,"hub","pcglasso","C",1e-04,5,1.66,15.8990148590221,2.27232550642498e-06,TRUE
50,"hub","pcglasso","C",1e-04,6,1.153,15.8990148590221,2.27232550642498e-06,TRUE
50,"hub","pcglasso","C",1e-04,7,10.856,15.8990148590221,2.27232550642498e-06,TRUE
50,"hub","pcglasso","C",1e-04,8,0.829999999999998,15.8990148590221,2.27232550642498e-06,TRUE
50,"hub","pcglasso","C",1e-04,9,1.589,15.8990148590221,2.27232550642498e-06,TRUE
50,"hub","pcglasso","C",1e-04,10,2.61500000000001,15.8990148590221,2.27232550642498e-06,TRUE
50,"line","pcglasso","C",0.001,1,0.192,24.6396580268643,5.84724983809792e-05,TRUE
50,"line","pcglasso","C",0.001,2,0.117000000000004,24.6396580268643,5.84724983809792e-05,TRUE
50,"line","pcglasso","C",0.001,3,0.783000000000001,24.6396580268643,5.84724983809792e-05,TRUE
50,"line","pcglasso","C",0.001,4,0.233999999999995,24.6396580268643,5.84724983809792e-05,TRUE
50,"line","pcglasso","C",0.001,5,0.114000000000004,24.6396580268643,5.84724983809792e-05,TRUE
50,"line","pcglasso","C",0.001,6,0.927000000000007,24.6396580268643,5.84724983809792e-05,TRUE
50,"line","pcglasso","C",0.001,7,0.321999999999989,24.6396580268643,5.84724983809792e-05,TRUE
50,"line","pcglasso","C",0.001,8,0.735999999999997,24.6396580268643,5.84724983809792e-05,TRUE
50,"line","pcglasso","C",0.001,9,0.246000000000002,24.6396580268643,5.84724983809792e-05,TRUE
50,"line","pcglasso","C",0.001,10,2.374,24.6396580268643,5.84724983809792e-05,TRUE
100,"hub","pcglasso","C",1e-04,1,15.402,31.0790936525477,2.57293443439721e-06,TRUE
100,"hub","pcglasso","C",1e-04,2,10.17,31.0790936525477,2.57293443439721e-06,TRUE
100,"hub","pcglasso","C",1e-04,3,12.758,31.0790936525477,2.57293443439721e-06,TRUE
100,"hub","pcglasso","C",1e-04,4,14.341,31.0790936525477,2.57293443439721e-06,TRUE
100,"hub","pcglasso","C",1e-04,5,13.191,31.0790936525477,2.57293443439721e-06,TRUE
100,"hub","pcglasso","C",1e-04,6,21.658,31.0790936525477,2.57293443439721e-06,TRUE
100,"hub","pcglasso","C",1e-04,7,18.811,31.0790936525477,2.57293443439721e-06,TRUE
100,"hub","pcglasso","C",1e-04,8,9.424,31.0790936525477,2.57293443439721e-06,TRUE
100,"hub","pcglasso","C",1e-04,9,33.543,31.0790936525477,2.57293443439721e-06,TRUE
100,"hub","pcglasso","C",1e-04,10,16.59,31.0790936525477,2.57293443439721e-06,TRUE
100,"line","pcglasso","C",1e-04,1,5.442,53.3323565118295,9.80519345716857e-07,TRUE
100,"line","pcglasso","C",1e-04,2,0.882999999999996,53.3323565118295,9.80519345716857e-07,TRUE
100,"line","pcglasso","C",1e-04,3,4.562,53.3323565118295,9.80519345716857e-07,TRUE
100,"line","pcglasso","C",1e-04,4,4.8,53.3323565118295,9.80519345716857e-07,TRUE
100,"line","pcglasso","C",1e-04,5,6.647,53.3323565118295,9.80519345716857e-07,TRUE
100,"line","pcglasso","C",1e-04,6,4.827,53.3323565118295,9.80519345716857e-07,TRUE
100,"line","pcglasso","C",1e-04,7,10.544,53.3323565118295,9.80519345716857e-07,TRUE
100,"line","pcglasso","C",1e-04,8,7.276,53.3323565118295,9.80519345716857e-07,TRUE
100,"line","pcglasso","C",1e-04,9,2.218,53.3323565118295,9.80519345716857e-07,TRUE
100,"line","pcglasso","C",1e-04,10,4.736,53.3323565118295,9.80519345716857e-07,TRUE
150,"hub","pcglasso","C",0.001,1,48.614,46.0643004217211,5.02476611501379e-05,TRUE
150,"hub","pcglasso","C",0.001,2,54.487,46.0643004217211,5.02476611501379e-05,TRUE
150,"hub","pcglasso","C",0.001,3,56.774,46.0643004217211,5.02476611501379e-05,TRUE
150,"hub","pcglasso","C",0.001,4,52.629,46.0643004217211,5.02476611501379e-05,TRUE
150,"hub","pcglasso","C",0.001,5,45.056,46.0643004217211,5.02476611501379e-05,TRUE
150,"hub","pcglasso","C",0.001,6,53.06,46.0643004217211,5.02476611501379e-05,TRUE
150,"hub","pcglasso","C",0.001,7,47.213,46.0643004217211,5.02476611501379e-05,TRUE
150,"hub","pcglasso","C",0.001,8,43.371,46.0643004217211,5.02476611501379e-05,TRUE
150,"hub","pcglasso","C",0.001,9,56.603,46.0643004217211,5.02476611501379e-05,TRUE
150,"hub","pcglasso","C",0.001,10,40.56,46.0643004217211,5.02476611501379e-05,TRUE
150,"line","pcglasso","C",1e-04,1,11.476,83.9376474741862,7.16313086002174e-06,TRUE
150,"line","pcglasso","C",1e-04,2,6.596,83.9376474741862,7.16313086002174e-06,TRUE
150,"line","pcglasso","C",1e-04,3,5.263,83.9376474741862,7.16313086002174e-06,TRUE
150,"line","pcglasso","C",1e-04,4,10.13,83.9376474741862,7.16313086002174e-06,TRUE
150,"line","pcglasso","C",1e-04,5,6.33199999999999,83.9376474741862,7.16313086002174e-06,TRUE
150,"line","pcglasso","C",1e-04,6,2.027,83.9376474741862,7.16313086002174e-06,TRUE
150,"line","pcglasso","C",1e-04,7,13.252,83.9376474741862,7.16313086002174e-06,TRUE
150,"line","pcglasso","C",1e-04,8,9.512,83.9376474741862,7.16313086002174e-06,TRUE
150,"line","pcglasso","C",1e-04,9,5.819,83.9376474741862,7.16313086002174e-06,TRUE
150,"line","pcglasso","C",1e-04,10,9.99,83.9376474741862,7.16313086002174e-06,TRUE
10,"hub","pcglasso_cpp","I",1e-05,1,0.864000000000004,2.47833987158951,2.23423425791403e-05,TRUE
10,"hub","pcglasso_cpp","I",1e-05,2,2.607,2.47833987158951,2.23423425791403e-05,TRUE
10,"hub","pcglasso_cpp","I",1e-05,3,0.333999999999996,2.47833987158951,2.23423425791403e-05,TRUE
10,"hub","pcglasso_cpp","I",1e-05,4,0.250999999999998,2.47833987158951,2.23423425791403e-05,TRUE
10,"hub","pcglasso_cpp","I",1e-05,5,0.238,2.47833987158951,2.23423425791403e-05,TRUE
10,"hub","pcglasso_cpp","I",1e-05,6,0.393000000000001,2.47833987158951,2.23423425791403e-05,TRUE
10,"hub","pcglasso_cpp","I",1e-05,7,0.378,2.47833987158951,2.23423425791403e-05,TRUE
10,"hub","pcglasso_cpp","I",1e-05,8,0.304999999999993,2.47833987158951,2.23423425791403e-05,TRUE
10,"hub","pcglasso_cpp","I",1e-05,9,0.0500000000000114,2.47833987158951,2.23423425791403e-05,TRUE
10,"hub","pcglasso_cpp","I",1e-05,10,0.171999999999997,2.47833987158951,2.23423425791403e-05,TRUE
10,"line","pcglasso_cpp","I",1e-04,1,0.0109999999999957,5.99152168571095,7.27777136360075e-05,TRUE
10,"line","pcglasso_cpp","I",1e-04,2,0.00499999999999545,5.99152168571095,7.27777136360075e-05,TRUE
10,"line","pcglasso_cpp","I",1e-04,3,0.00500000000000966,5.99152168571095,7.27777136360075e-05,TRUE
10,"line","pcglasso_cpp","I",1e-04,4,0.0130000000000052,5.99152168571095,7.27777136360075e-05,TRUE
10,"line","pcglasso_cpp","I",1e-04,5,0.0260000000000105,5.99152168571095,7.27777136360075e-05,TRUE
10,"line","pcglasso_cpp","I",1e-04,6,0.0150000000000006,5.99152168571095,7.27777136360075e-05,TRUE
10,"line","pcglasso_cpp","I",1e-04,7,0.00900000000000034,5.99152168571095,7.27777136360075e-05,TRUE
10,"line","pcglasso_cpp","I",1e-04,8,0.0129999999999981,5.99152168571095,7.27777136360075e-05,TRUE
10,"line","pcglasso_cpp","I",1e-04,9,0.0100000000000051,5.99152168571095,7.27777136360075e-05,TRUE
10,"line","pcglasso_cpp","I",1e-04,10,0.0330000000000013,5.99152168571095,7.27777136360075e-05,TRUE
50,"hub","pcglasso_cpp","I",1e-05,1,1.917,15.8990511531366,3.85664399686902e-05,TRUE
50,"hub","pcglasso_cpp","I",1e-05,2,1.427,15.8990511531366,3.85664399686902e-05,TRUE
50,"hub","pcglasso_cpp","I",1e-05,3,1.257,15.8990511531366,3.85664399686902e-05,TRUE
50,"hub","pcglasso_cpp","I",1e-05,4,5.229,15.8990511531366,3.85664399686902e-05,TRUE
50,"hub","pcglasso_cpp","I",1e-05,5,5.552,15.8990511531366,3.85664399686902e-05,TRUE
50,"hub","pcglasso_cpp","I",1e-05,6,1.80399999999999,15.8990511531366,3.85664399686902e-05,TRUE
50,"hub","pcglasso_cpp","I",1e-05,7,1.239,15.8990511531366,3.85664399686902e-05,TRUE
50,"hub","pcglasso_cpp","I",1e-05,8,0.266999999999996,15.8990511531366,3.85664399686902e-05,TRUE
50,"hub","pcglasso_cpp","I",1e-05,9,0.271000000000001,15.8990511531366,3.85664399686902e-05,TRUE
50,"hub","pcglasso_cpp","I",1e-05,10,0.263000000000005,15.8990511531366,3.85664399686902e-05,TRUE
50,"line","pcglasso_cpp","I",1e-05,1,0.0429999999999922,24.6396193064056,1.9752039662535e-05,TRUE
50,"line","pcglasso_cpp","I",1e-05,2,0.0420000000000016,24.6396193064056,1.9752039662535e-05,TRUE
50,"line","pcglasso_cpp","I",1e-05,3,0.0429999999999922,24.6396193064056,1.9752039662535e-05,TRUE
50,"line","pcglasso_cpp","I",1e-05,4,0.0510000000000019,24.6396193064056,1.9752039662535e-05,TRUE
50,"line","pcglasso_cpp","I",1e-05,5,0.0970000000000084,24.6396193064056,1.9752039662535e-05,TRUE
50,"line","pcglasso_cpp","I",1e-05,6,0.0969999999999942,24.6396193064056,1.9752039662535e-05,TRUE
50,"line","pcglasso_cpp","I",1e-05,7,0.313999999999993,24.6396193064056,1.9752039662535e-05,TRUE
50,"line","pcglasso_cpp","I",1e-05,8,0.149000000000001,24.6396193064056,1.9752039662535e-05,TRUE
50,"line","pcglasso_cpp","I",1e-05,9,0.143000000000001,24.6396193064056,1.9752039662535e-05,TRUE
50,"line","pcglasso_cpp","I",1e-05,10,0.0429999999999993,24.6396193064056,1.9752039662535e-05,TRUE
100,"hub","pcglasso_cpp","I",1e-05,1,7.561,31.079158616997,6.75373837353277e-05,TRUE
100,"hub","pcglasso_cpp","I",1e-05,2,6.525,31.079158616997,6.75373837353277e-05,TRUE
100,"hub","pcglasso_cpp","I",1e-05,3,7.925,31.079158616997,6.75373837353277e-05,TRUE
100,"hub","pcglasso_cpp","I",1e-05,4,13.302,31.079158616997,6.75373837353277e-05,TRUE
100,"hub","pcglasso_cpp","I",1e-05,5,7.763,31.079158616997,6.75373837353277e-05,TRUE
100,"hub","pcglasso_cpp","I",1e-05,6,4.542,31.079158616997,6.75373837353277e-05,TRUE
100,"hub","pcglasso_cpp","I",1e-05,7,12.871,31.079158616997,6.75373837353277e-05,TRUE
100,"hub","pcglasso_cpp","I",1e-05,8,4.303,31.079158616997,6.75373837353277e-05,TRUE
100,"hub","pcglasso_cpp","I",1e-05,9,6.159,31.079158616997,6.75373837353277e-05,TRUE
100,"hub","pcglasso_cpp","I",1e-05,10,4.583,31.079158616997,6.75373837353277e-05,TRUE
100,"line","pcglasso_cpp","I",1e-04,1,0.572000000000003,53.3324354170766,7.9885766353982e-05,TRUE
100,"line","pcglasso_cpp","I",1e-04,2,0.229999999999997,53.3324354170766,7.9885766353982e-05,TRUE
100,"line","pcglasso_cpp","I",1e-04,3,0.609999999999999,53.3324354170766,7.9885766353982e-05,TRUE
100,"line","pcglasso_cpp","I",1e-04,4,0.201000000000001,53.3324354170766,7.9885766353982e-05,TRUE
100,"line","pcglasso_cpp","I",1e-04,5,1.066,53.3324354170766,7.9885766353982e-05,TRUE
100,"line","pcglasso_cpp","I",1e-04,6,1.252,53.3324354170766,7.9885766353982e-05,TRUE
100,"line","pcglasso_cpp","I",1e-04,7,1.125,53.3324354170766,7.9885766353982e-05,TRUE
100,"line","pcglasso_cpp","I",1e-04,8,0.553000000000004,53.3324354170766,7.9885766353982e-05,TRUE
100,"line","pcglasso_cpp","I",1e-04,9,0.350000000000001,53.3324354170766,7.9885766353982e-05,TRUE
100,"line","pcglasso_cpp","I",1e-04,10,0.908000000000001,53.3324354170766,7.9885766353982e-05,TRUE
150,"hub","pcglasso_cpp","I",1e-05,1,37.442,46.0643151655035,6.49914434660559e-05,TRUE
150,"hub","pcglasso_cpp","I",1e-05,2,16.563,46.0643151655035,6.49914434660559e-05,TRUE
150,"hub","pcglasso_cpp","I",1e-05,3,17.7,46.0643151655035,6.49914434660559e-05,TRUE
150,"hub","pcglasso_cpp","I",1e-05,4,18.71,46.0643151655035,6.49914434660559e-05,TRUE
150,"hub","pcglasso_cpp","I",1e-05,5,15.45,46.0643151655035,6.49914434660559e-05,TRUE
150,"hub","pcglasso_cpp","I",1e-05,6,17.665,46.0643151655035,6.49914434660559e-05,TRUE
150,"hub","pcglasso_cpp","I",1e-05,7,23.719,46.0643151655035,6.49914434660559e-05,TRUE
150,"hub","pcglasso_cpp","I",1e-05,8,42.361,46.0643151655035,6.49914434660559e-05,TRUE
150,"hub","pcglasso_cpp","I",1e-05,9,17.506,46.0643151655035,6.49914434660559e-05,TRUE
150,"hub","pcglasso_cpp","I",1e-05,10,22.628,46.0643151655035,6.49914434660559e-05,TRUE
150,"line","pcglasso_cpp","I",1e-05,1,1.964,83.9376517760312,1.14649758558016e-05,TRUE
150,"line","pcglasso_cpp","I",1e-05,2,2.817,83.9376517760312,1.14649758558016e-05,TRUE
150,"line","pcglasso_cpp","I",1e-05,3,0.721000000000004,83.9376517760312,1.14649758558016e-05,TRUE
150,"line","pcglasso_cpp","I",1e-05,4,2.68,83.9376517760312,1.14649758558016e-05,TRUE
150,"line","pcglasso_cpp","I",1e-05,5,1.175,83.9376517760312,1.14649758558016e-05,TRUE
150,"line","pcglasso_cpp","I",1e-05,6,0.676000000000002,83.9376517760312,1.14649758558016e-05,TRUE
150,"line","pcglasso_cpp","I",1e-05,7,1.71100000000001,83.9376517760312,1.14649758558016e-05,TRUE
150,"line","pcglasso_cpp","I",1e-05,8,1.95800000000001,83.9376517760312,1.14649758558016e-05,TRUE
150,"line","pcglasso_cpp","I",1e-05,9,1.83600000000001,83.9376517760312,1.14649758558016e-05,TRUE
150,"line","pcglasso_cpp","I",1e-05,10,4.44199999999999,83.9376517760312,1.14649758558016e-05,TRUE
10,"hub","pcglasso_fortran","I",1e-05,1,1.02900000000001,2.47834062278222,2.30935352854011e-05,TRUE
10,"hub","pcglasso_fortran","I",1e-05,2,0.163999999999987,2.47834062278222,2.30935352854011e-05,TRUE
10,"hub","pcglasso_fortran","I",1e-05,3,1.139,2.47834062278222,2.30935352854011e-05,TRUE
10,"hub","pcglasso_fortran","I",1e-05,4,0.378,2.47834062278222,2.30935352854011e-05,TRUE
10,"hub","pcglasso_fortran","I",1e-05,5,0.274999999999999,2.47834062278222,2.30935352854011e-05,TRUE
10,"hub","pcglasso_fortran","I",1e-05,6,0.140999999999998,2.47834062278222,2.30935352854011e-05,TRUE
10,"hub","pcglasso_fortran","I",1e-05,7,2.004,2.47834062278222,2.30935352854011e-05,TRUE
10,"hub","pcglasso_fortran","I",1e-05,8,0.251999999999995,2.47834062278222,2.30935352854011e-05,TRUE
10,"hub","pcglasso_fortran","I",1e-05,9,0.321000000000005,2.47834062278222,2.30935352854011e-05,TRUE
10,"hub","pcglasso_fortran","I",1e-05,10,0.492999999999995,2.47834062278222,2.30935352854011e-05,TRUE
10,"line","pcglasso_fortran","I",1e-04,1,0.01400000000001,5.99152584647298,7.69384756722502e-05,TRUE
10,"line","pcglasso_fortran","I",1e-04,2,0.00600000000000023,5.99152584647298,7.69384756722502e-05,TRUE
10,"line","pcglasso_fortran","I",1e-04,3,0.097999999999999,5.99152584647298,7.69384756722502e-05,TRUE
10,"line","pcglasso_fortran","I",1e-04,4,0.0150000000000006,5.99152584647298,7.69384756722502e-05,TRUE
10,"line","pcglasso_fortran","I",1e-04,5,0.0100000000000051,5.99152584647298,7.69384756722502e-05,TRUE
10,"line","pcglasso_fortran","I",1e-04,6,0.046999999999997,5.99152584647298,7.69384756722502e-05,TRUE
10,"line","pcglasso_fortran","I",1e-04,7,0.0180000000000007,5.99152584647298,7.69384756722502e-05,TRUE
10,"line","pcglasso_fortran","I",1e-04,8,0.0320000000000036,5.99152584647298,7.69384756722502e-05,TRUE
10,"line","pcglasso_fortran","I",1e-04,9,0.00600000000000023,5.99152584647298,7.69384756722502e-05,TRUE
10,"line","pcglasso_fortran","I",1e-04,10,0.00999999999999801,5.99152584647298,7.69384756722502e-05,TRUE
50,"hub","pcglasso_fortran","I",1e-05,1,3.343,15.8990711847127,5.85980160856536e-05,TRUE
50,"hub","pcglasso_fortran","I",1e-05,2,5.136,15.8990711847127,5.85980160856536e-05,TRUE
50,"hub","pcglasso_fortran","I",1e-05,3,7.424,15.8990711847127,5.85980160856536e-05,TRUE
50,"hub","pcglasso_fortran","I",1e-05,4,6.32099999999999,15.8990711847127,5.85980160856536e-05,TRUE
50,"hub","pcglasso_fortran","I",1e-05,5,3.605,15.8990711847127,5.85980160856536e-05,TRUE
50,"hub","pcglasso_fortran","I",1e-05,6,3.731,15.8990711847127,5.85980160856536e-05,TRUE
50,"hub","pcglasso_fortran","I",1e-05,7,4.517,15.8990711847127,5.85980160856536e-05,TRUE
50,"hub","pcglasso_fortran","I",1e-05,8,1.127,15.8990711847127,5.85980160856536e-05,TRUE
50,"hub","pcglasso_fortran","I",1e-05,9,1.23,15.8990711847127,5.85980160856536e-05,TRUE
50,"hub","pcglasso_fortran","I",1e-05,10,1.84599999999999,15.8990711847127,5.85980160856536e-05,TRUE
50,"line","pcglasso_fortran","I",1e-04,1,0.019999999999996,24.6396969819723,9.74276063914203e-05,TRUE
50,"line","pcglasso_fortran","I",1e-04,2,0.019999999999996,24.6396969819723,9.74276063914203e-05,TRUE
50,"line","pcglasso_fortran","I",1e-04,3,0.0220000000000056,24.6396969819723,9.74276063914203e-05,TRUE
50,"line","pcglasso_fortran","I",1e-04,4,0.0330000000000013,24.6396969819723,9.74276063914203e-05,TRUE
50,"line","pcglasso_fortran","I",1e-04,5,0.0859999999999985,24.6396969819723,9.74276063914203e-05,TRUE
50,"line","pcglasso_fortran","I",1e-04,6,0.0269999999999868,24.6396969819723,9.74276063914203e-05,TRUE
50,"line","pcglasso_fortran","I",1e-04,7,0.0300000000000011,24.6396969819723,9.74276063914203e-05,TRUE
50,"line","pcglasso_fortran","I",1e-04,8,0.0419999999999945,24.6396969819723,9.74276063914203e-05,TRUE
50,"line","pcglasso_fortran","I",1e-04,9,0.253999999999998,24.6396969819723,9.74276063914203e-05,TRUE
50,"line","pcglasso_fortran","I",1e-04,10,0.097999999999999,24.6396969819723,9.74276063914203e-05,TRUE
100,"hub","pcglasso_fortran","I",1e-05,1,19.854,31.0791612584573,7.01788440053974e-05,TRUE
100,"hub","pcglasso_fortran","I",1e-05,2,22.458,31.0791612584573,7.01788440053974e-05,TRUE
100,"hub","pcglasso_fortran","I",1e-05,3,21.987,31.0791612584573,7.01788440053974e-05,TRUE
100,"hub","pcglasso_fortran","I",1e-05,4,17.205,31.0791612584573,7.01788440053974e-05,TRUE
100,"hub","pcglasso_fortran","I",1e-05,5,25.935,31.0791612584573,7.01788440053974e-05,TRUE
100,"hub","pcglasso_fortran","I",1e-05,6,23.687,31.0791612584573,7.01788440053974e-05,TRUE
100,"hub","pcglasso_fortran","I",1e-05,7,17.186,31.0791612584573,7.01788440053974e-05,TRUE
100,"hub","pcglasso_fortran","I",1e-05,8,31.188,31.0791612584573,7.01788440053974e-05,TRUE
100,"hub","pcglasso_fortran","I",1e-05,9,55.696,31.0791612584573,7.01788440053974e-05,TRUE
100,"hub","pcglasso_fortran","I",1e-05,10,22.502,31.0791612584573,7.01788440053974e-05,TRUE
100,"line","pcglasso_fortran","I",1e-04,1,0.262999999999998,53.3323951672601,3.96359498751053e-05,TRUE
100,"line","pcglasso_fortran","I",1e-04,2,0.106999999999999,53.3323951672601,3.96359498751053e-05,TRUE
100,"line","pcglasso_fortran","I",1e-04,3,0.311999999999998,53.3323951672601,3.96359498751053e-05,TRUE
100,"line","pcglasso_fortran","I",1e-04,4,0.224000000000004,53.3323951672601,3.96359498751053e-05,TRUE
100,"line","pcglasso_fortran","I",1e-04,5,0.141999999999996,53.3323951672601,3.96359498751053e-05,TRUE
100,"line","pcglasso_fortran","I",1e-04,6,0.0580000000000069,53.3323951672601,3.96359498751053e-05,TRUE
100,"line","pcglasso_fortran","I",1e-04,7,0.180999999999997,53.3323951672601,3.96359498751053e-05,TRUE
100,"line","pcglasso_fortran","I",1e-04,8,0.111000000000004,53.3323951672601,3.96359498751053e-05,TRUE
100,"line","pcglasso_fortran","I",1e-04,9,0.0559999999999974,53.3323951672601,3.96359498751053e-05,TRUE
100,"line","pcglasso_fortran","I",1e-04,10,0.0539999999999878,53.3323951672601,3.96359498751053e-05,TRUE
150,"hub","pcglasso_fortran","I",1e-06,1,102.646,46.0642577196752,7.54561520466268e-06,TRUE
150,"hub","pcglasso_fortran","I",1e-06,2,108.669,46.0642577196752,7.54561520466268e-06,TRUE
150,"hub","pcglasso_fortran","I",1e-06,3,106.506,46.0642577196752,7.54561520466268e-06,TRUE
150,"hub","pcglasso_fortran","I",1e-06,4,111.465,46.0642577196752,7.54561520466268e-06,TRUE
150,"hub","pcglasso_fortran","I",1e-06,5,136.006,46.0642577196752,7.54561520466268e-06,TRUE
150,"hub","pcglasso_fortran","I",1e-06,6,121.369,46.0642577196752,7.54561520466268e-06,TRUE
150,"hub","pcglasso_fortran","I",1e-06,7,137.843,46.0642577196752,7.54561520466268e-06,TRUE
150,"hub","pcglasso_fortran","I",1e-06,8,127.444,46.0642577196752,7.54561520466268e-06,TRUE
150,"hub","pcglasso_fortran","I",1e-06,9,122.56,46.0642577196752,7.54561520466268e-06,TRUE
150,"hub","pcglasso_fortran","I",1e-06,10,129.414,46.0642577196752,7.54561520466268e-06,TRUE
150,"line","pcglasso_fortran","I",1e-04,1,1.502,83.9376928536955,5.25426402191442e-05,TRUE
150,"line","pcglasso_fortran","I",1e-04,2,0.817999999999998,83.9376928536955,5.25426402191442e-05,TRUE
150,"line","pcglasso_fortran","I",1e-04,3,1.078,83.9376928536955,5.25426402191442e-05,TRUE
150,"line","pcglasso_fortran","I",1e-04,4,0.320999999999998,83.9376928536955,5.25426402191442e-05,TRUE
150,"line","pcglasso_fortran","I",1e-04,5,0.122,83.9376928536955,5.25426402191442e-05,TRUE
150,"line","pcglasso_fortran","I",1e-04,6,0.120000000000005,83.9376928536955,5.25426402191442e-05,TRUE
150,"line","pcglasso_fortran","I",1e-04,7,0.135000000000005,83.9376928536955,5.25426402191442e-05,TRUE
150,"line","pcglasso_fortran","I",1e-04,8,0.122,83.9376928536955,5.25426402191442e-05,TRUE
150,"line","pcglasso_fortran","I",1e-04,9,0.129000000000005,83.9376928536955,5.25426402191442e-05,TRUE
150,"line","pcglasso_fortran","I",1e-04,10,0.125,83.9376928536955,5.25426402191442e-05,TRUE
10,"hub","pcglasso","I",0.001,1,0.0499999999999972,2.47837219322467,5.46639777363467e-05,TRUE
10,"hub","pcglasso","I",0.001,2,0.200000000000003,2.47837219322467,5.46639777363467e-05,TRUE
10,"hub","pcglasso","I",0.001,3,0.054000000000002,2.47837219322467,5.46639777363467e-05,TRUE
10,"hub","pcglasso","I",0.001,4,0.388999999999996,2.47837219322467,5.46639777363467e-05,TRUE
10,"hub","pcglasso","I",0.001,5,0.119999999999997,2.47837219322467,5.46639777363467e-05,TRUE
10,"hub","pcglasso","I",0.001,6,0.256999999999998,2.47837219322467,5.46639777363467e-05,TRUE
10,"hub","pcglasso","I",0.001,7,0.133000000000003,2.47837219322467,5.46639777363467e-05,TRUE
10,"hub","pcglasso","I",0.001,8,0.265000000000001,2.47837219322467,5.46639777363467e-05,TRUE
10,"hub","pcglasso","I",0.001,9,0.176000000000002,2.47837219322467,5.46639777363467e-05,TRUE
10,"hub","pcglasso","I",0.001,10,0.369999999999997,2.47837219322467,5.46639777363467e-05,TRUE
10,"line","pcglasso","I",0.001,1,0.156999999999996,5.99145184271565,2.934718342118e-06,TRUE
10,"line","pcglasso","I",0.001,2,0.0970000000000013,5.99145184271565,2.934718342118e-06,TRUE
10,"line","pcglasso","I",0.001,3,0.100000000000001,5.99145184271565,2.934718342118e-06,TRUE
10,"line","pcglasso","I",0.001,4,0.125999999999991,5.99145184271565,2.934718342118e-06,TRUE
10,"line","pcglasso","I",0.001,5,0.0579999999999998,5.99145184271565,2.934718342118e-06,TRUE
10,"line","pcglasso","I",0.001,6,0.0289999999999964,5.99145184271565,2.934718342118e-06,TRUE
10,"line","pcglasso","I",0.001,7,0.0279999999999987,5.99145184271565,2.934718342118e-06,TRUE
10,"line","pcglasso","I",0.001,8,0.0750000000000028,5.99145184271565,2.934718342118e-06,TRUE
10,"line","pcglasso","I",0.001,9,0.0790000000000006,5.99145184271565,2.934718342118e-06,TRUE
10,"line","pcglasso","I",0.001,10,0.097999999999999,5.99145184271565,2.934718342118e-06,TRUE
50,"hub","pcglasso","I",1e-04,1,7.985,15.8990140160605,1.42936394986748e-06,TRUE
50,"hub","pcglasso","I",1e-04,2,1.482,15.8990140160605,1.42936394986748e-06,TRUE
50,"hub","pcglasso","I",1e-04,3,1.44000000000001,15.8990140160605,1.42936394986748e-06,TRUE
50,"hub","pcglasso","I",1e-04,4,6.328,15.8990140160605,1.42936394986748e-06,TRUE
50,"hub","pcglasso","I",1e-04,5,5.359,15.8990140160605,1.42936394986748e-06,TRUE
50,"hub","pcglasso","I",1e-04,6,6.427,15.8990140160605,1.42936394986748e-06,TRUE
50,"hub","pcglasso","I",1e-04,7,6.73500000000001,15.8990140160605,1.42936394986748e-06,TRUE
50,"hub","pcglasso","I",1e-04,8,2.17700000000001,15.8990140160605,1.42936394986748e-06,TRUE
50,"hub","pcglasso","I",1e-04,9,2.142,15.8990140160605,1.42936394986748e-06,TRUE
50,"hub","pcglasso","I",1e-04,10,4.08799999999999,15.8990140160605,1.42936394986748e-06,TRUE
50,"line","pcglasso","I",0.001,1,0.149000000000001,24.6396290677541,2.95133881635934e-05,TRUE
50,"line","pcglasso","I",0.001,2,0.349000000000004,24.6396290677541,2.95133881635934e-05,TRUE
50,"line","pcglasso","I",0.001,3,0.257000000000005,24.6396290677541,2.95133881635934e-05,TRUE
50,"line","pcglasso","I",0.001,4,0.257999999999996,24.6396290677541,2.95133881635934e-05,TRUE
50,"line","pcglasso","I",0.001,5,0.498999999999995,24.6396290677541,2.95133881635934e-05,TRUE
50,"line","pcglasso","I",0.001,6,0.575000000000003,24.6396290677541,2.95133881635934e-05,TRUE
50,"line","pcglasso","I",0.001,7,0.204999999999998,24.6396290677541,2.95133881635934e-05,TRUE
50,"line","pcglasso","I",0.001,8,0.137,24.6396290677541,2.95133881635934e-05,TRUE
50,"line","pcglasso","I",0.001,9,0.677,24.6396290677541,2.95133881635934e-05,TRUE
50,"line","pcglasso","I",0.001,10,0.201000000000001,24.6396290677541,2.95133881635934e-05,TRUE
100,"hub","pcglasso","I",1e-04,1,25.643,31.0790936045766,2.52496334951502e-06,TRUE
100,"hub","pcglasso","I",1e-04,2,27.63,31.0790936045766,2.52496334951502e-06,TRUE
100,"hub","pcglasso","I",1e-04,3,25.166,31.0790936045766,2.52496334951502e-06,TRUE
100,"hub","pcglasso","I",1e-04,4,21.772,31.0790936045766,2.52496334951502e-06,TRUE
100,"hub","pcglasso","I",1e-04,5,30.035,31.0790936045766,2.52496334951502e-06,TRUE
100,"hub","pcglasso","I",1e-04,6,30.869,31.0790936045766,2.52496334951502e-06,TRUE
100,"hub","pcglasso","I",1e-04,7,15.738,31.0790936045766,2.52496334951502e-06,TRUE
100,"hub","pcglasso","I",1e-04,8,19.092,31.0790936045766,2.52496334951502e-06,TRUE
100,"hub","pcglasso","I",1e-04,9,26.12,31.0790936045766,2.52496334951502e-06,TRUE
100,"hub","pcglasso","I",1e-04,10,17.391,31.0790936045766,2.52496334951502e-06,TRUE
100,"line","pcglasso","I",0.001,1,0.878,53.3324544860729,9.89547627270326e-05,TRUE
100,"line","pcglasso","I",0.001,2,0.760000000000005,53.3324544860729,9.89547627270326e-05,TRUE
100,"line","pcglasso","I",0.001,3,0.411000000000001,53.3324544860729,9.89547627270326e-05,TRUE
100,"line","pcglasso","I",0.001,4,3.572,53.3324544860729,9.89547627270326e-05,TRUE
100,"line","pcglasso","I",0.001,5,1.14699999999999,53.3324544860729,9.89547627270326e-05,TRUE
100,"line","pcglasso","I",0.001,6,1.492,53.3324544860729,9.89547627270326e-05,TRUE
100,"line","pcglasso","I",0.001,7,2.821,53.3324544860729,9.89547627270326e-05,TRUE
100,"line","pcglasso","I",0.001,8,0.697000000000003,53.3324544860729,9.89547627270326e-05,TRUE
100,"line","pcglasso","I",0.001,9,1.555,53.3324544860729,9.89547627270326e-05,TRUE
100,"line","pcglasso","I",0.001,10,3.571,53.3324544860729,9.89547627270326e-05,TRUE
150,"hub","pcglasso","I",0.001,1,46.753,46.0643045135011,5.43394411423037e-05,TRUE
150,"hub","pcglasso","I",0.001,2,58.992,46.0643045135011,5.43394411423037e-05,TRUE
150,"hub","pcglasso","I",0.001,3,52.906,46.0643045135011,5.43394411423037e-05,TRUE
150,"hub","pcglasso","I",0.001,4,56.665,46.0643045135011,5.43394411423037e-05,TRUE
150,"hub","pcglasso","I",0.001,5,62.889,46.0643045135011,5.43394411423037e-05,TRUE
150,"hub","pcglasso","I",0.001,6,57.315,46.0643045135011,5.43394411423037e-05,TRUE
150,"hub","pcglasso","I",0.001,7,57.48,46.0643045135011,5.43394411423037e-05,TRUE
150,"hub","pcglasso","I",0.001,8,51.356,46.0643045135011,5.43394411423037e-05,TRUE
150,"hub","pcglasso","I",0.001,9,57.562,46.0643045135011,5.43394411423037e-05,TRUE
150,"hub","pcglasso","I",0.001,10,58.486,46.0643045135011,5.43394411423037e-05,TRUE
150,"line","pcglasso","I",1e-04,1,2.358,83.9376484301676,8.119112308691e-06,TRUE
150,"line","pcglasso","I",1e-04,2,5.89400000000001,83.9376484301676,8.119112308691e-06,TRUE
150,"line","pcglasso","I",1e-04,3,5.351,83.9376484301676,8.119112308691e-06,TRUE
150,"line","pcglasso","I",1e-04,4,4.433,83.9376484301676,8.119112308691e-06,TRUE
150,"line","pcglasso","I",1e-04,5,1.798,83.9376484301676,8.119112308691e-06,TRUE
150,"line","pcglasso","I",1e-04,6,2.58200000000001,83.9376484301676,8.119112308691e-06,TRUE
150,"line","pcglasso","I",1e-04,7,2.242,83.9376484301676,8.119112308691e-06,TRUE
150,"line","pcglasso","I",1e-04,8,1.684,83.9376484301676,8.119112308691e-06,TRUE
150,"line","pcglasso","I",1e-04,9,1.72199999999999,83.9376484301676,8.119112308691e-06,TRUE
150,"line","pcglasso","I",1e-04,10,1.66499999999999,83.9376484301676,8.119112308691e-06,TRUE
